id,code,name,level,expected_ps_code,ps_in_db,prof_standard_name,prof_standard_order,activity_area
565,10.10400.06,Руководитель подразделений по измерению параметров и модификации свойств наноматериалов и наноструктур (7 уровень квалификации),7,10.104,False,Специалист по измерению параметров и модификации свойств наноматериалов и наноструктур,Приказ Министерства труда и социальной защиты РФ от «07»  сентября 2015 г. №593н,Проведение модификации свойств и измерений параметров наноматериалов и наноструктур
566,10.10400.07,Инженер по модернизации существующих и внедрению новых процессов измерения параметров и модификации свойств наноматериалов и наноструктур (6 уровень квалификации),6,10.104,False,Специалист по измерению параметров и модификации свойств наноматериалов и наноструктур,Приказ Министерства труда и социальной защиты РФ от «07»  сентября 2015 г. №593н,Проведение модификации свойств и измерений параметров наноматериалов и наноструктур
567,10.10400.08,Техник-лаборант по измерению параметров наноматериалов и наноструктур (5 уровень квалификации),5,10.104,False,Специалист по измерению параметров и модификации свойств наноматериалов и наноструктур,Приказ Министерства труда и социальной защиты РФ от «07»  сентября 2015 г. №593н,Проведение модификации свойств и измерений параметров наноматериалов и наноструктур
568,10.10400.09,Техник по модификации свойств наноматериалов и наноструктур (5 уровень квалификации),5,10.104,False,Специалист по измерению параметров и модификации свойств наноматериалов и наноструктур,Приказ Министерства труда и социальной защиты РФ от «07»  сентября 2015 г. №593н,Проведение модификации свойств и измерений параметров наноматериалов и наноструктур
1338,17.00000.01,Машинист-оператор электроподвижного состава метрополитена (5-й уровень квалификации),5,17.000,False,Нет связанного профессионального стандарта,,
2280,26.01100.01,Инженер-технолог по подготовке производства энергоносителей из возобновляемого сырья биотехнологическим методом (6 уровень квалификации),6,26.011,False,"Специалист - технолог в области биоэнергетических технологий, утратил или утратит силу в ближайшее в время.",Приказ Минтруда России от 21.12.2015 г. № 1054н,Производство энергоносителей из возобновляемого сырья биотехнологическим методом
2281,26.01100.02,Инженер-технолог производства энергоносителей из возобновляемого сырья биотехнологическим методом (6 уровень квалификации),6,26.011,False,"Специалист - технолог в области биоэнергетических технологий, утратил или утратит силу в ближайшее в время.",Приказ Минтруда России от 21.12.2015 г. № 1054н,Производство энергоносителей из возобновляемого сырья биотехнологическим методом
2282,26.01100.03,Специалист по модернизации технологий производства энергоносителей из возобновляемого сырья биотехнологическим методом (7 уровень квалификации),7,26.011,False,"Специалист - технолог в области биоэнергетических технологий, утратил или утратит силу в ближайшее в время.",Приказ Минтруда России от 21.12.2015 г. № 1054н,Производство энергоносителей из возобновляемого сырья биотехнологическим методом
2307,27.00000.01,"Оператор поста управления агрегатами непрерывного травления, обезжиривания, лужения, оцинкования, лакирования, отжига и окрашивания проката (4.2 уровень квалификации)",2,27.000,False,Нет связанного профессионального стандарта,,
2308,27.00000.02,Оцинковщик горячим способом линии непрерывного горячего цинкования в металлургии (4.2-й уровень квалификации),2,27.000,False,Нет связанного профессионального стандарта,,
2309,27.00000.03,Монтер пути при обслуживании железнодорожных путей необщего пользования на предприятиях горно-металлургического комплекса (3 уровень квалификации),3,27.000,False,Нет связанного профессионального стандарта,,
2310,27.00000.04,Аппаратчик воздухоразделения на предприятиях горно-металлургического комплекса (4 уровень квалификации),4,27.000,False,Нет связанного профессионального стандарта,,
2311,27.00000.05,Шлифовщик в прокатном производстве предприятий горно-металлургического комплекса (3-й уровень квалификации),3,27.000,False,Нет связанного профессионального стандарта,,
2312,27.00000.06,Водитель большегрузного автомобиля карьерного типа по обслуживанию технологических процессов горно-металлургического предприятия (3-й уровень квалификации),3,27.000,False,Нет связанного профессионального стандарта,,
2313,27.00000.07,"Машинист экскаватора на электрическом приводе с прямой лопатой, ковшом вместимостью от 2,5 м3 при обслуживании технологических процессов предприятий горно-металлургического комплекса (4-й уровень квалификации)",4,27.000,False,Нет связанного профессионального стандарта,,
2314,27.00000.08,Машинист бульдозера при обслуживании технологических процессов предприятий горно-металлургического комплекса (3-й уровень квалификации),3,27.000,False,Нет связанного профессионального стандарта,,
2315,27.00000.09,Приемщик поездов на железнодорожных станциях предприятий горно-металлургического комплекса (3-й уровень квалификации),3,27.000,False,Нет связанного профессионального стандарта,,
2316,27.00000.10,"Электромонтер по обслуживанию и ремонту устройств сигнализации, централизации и блокировки путей необщего пользования на предприятиях горно-металлургического комплекса (4.2 уровень квалификации)",2,27.000,False,Нет связанного профессионального стандарта,,
2317,27.00000.11,Работник по обслуживанию и ремонту оборудования автоматизированных систем управления технологическими процессами на предприятиях горно-металлургического комплекса (4-й уровень квалификации),4,27.000,False,,,
2318,27.00000.12,Работник по обслуживанию и ремонту оборудования автоматизированных систем управления технологическими процессами на предприятиях горно-металлургического комплекса (уровень квалификации 4.2),2,27.000,False,Нет связанного профессионального стандарта,,
2319,27.00000.13,"Оператор поста управления агрегатами непрерывного травления, обезжиривания, лужения, оцинкования, лакирования, отжига и окрашивания проката (3-й уровень квалификации)",3,27.000,False,Нет связанного профессионального стандарта,,
2320,27.00000.14,Сортировщик кокса (3-й уровень квалификации),3,27.000,False,Нет связанного профессионального стандарта,,
2321,27.00000.15,Сепараторщик при обогащении железных руд методом магнитной сепарации (3-й уровень квалификации),3,27.000,False,Нет связанного профессионального стандарта,,
2322,27.00000.16,Сепараторщик при разделении угольной шихты по фракциям (3-й уровень квалификации),3,27.000,False,Нет связанного профессионального стандарта,,
2323,27.00000.17,"Сепараторщик шлака, лома и отходов металла (3-й уровень квалификации)",3,27.000,False,Нет связанного профессионального стандарта,,
2324,27.00000.18,Слесарь по ремонту подвижного состава предприятий горно-металлургического комплекса (4.2 уровень квалификации),2,27.000,False,Нет связанного профессионального стандарта,,
2325,27.00000.19,"Слесарь по ремонту специализированных и специальных транспортных средств, используемых на предприятиях горно-металлургического комплекса (3-й уровень квалификации)",3,27.000,False,Нет связанного профессионального стандарта,,
2326,27.00000.20,"Слесарь по ремонту специализированных и специальных транспортных средств, используемых на предприятиях горно-металлургического комплекса (4-й уровень квалификации)",4,27.000,False,Нет связанного профессионального стандарта,,
2327,27.00000.21,Машинист компрессорных установок предприятий горно-металлургического комплекса (3-й уровень квалификации),3,27.000,False,Нет связанного профессионального стандарта,,
2328,27.00000.22,Аппаратчик химводоочистки электростанции на предприятии горно-металлургического комплекса (3.2 уровень квалификации),2,27.000,False,Нет связанного профессионального стандарта,,
2329,27.00000.23,Аппаратчик химводоочистки электростанции на предприятии горно-металлургического комплекса (3-й уровень квалификации),3,27.000,False,Нет связанного профессионального стандарта,,
2330,27.00000.24,Машинист электровоза тушильного вагона (3-й уровень квалификации),3,27.000,False,Нет связанного профессионального стандарта,,
2331,27.00000.25,Электромонтер по ремонту обмоток и изоляции электрооборудования на предприятиях горно-металлургического комплекса (4-й уровень квалификации),4,27.000,False,Нет связанного профессионального стандарта,,
2663,31.00000.01,Специалист по техническому обслуживанию и ремонту легковых автомобилей (5-й уровень квалификации),5,31.000,False,Нет связанного профессионального стандарта,,
2664,31.00000.02,Специалист по техническому обслуживанию и ремонту грузовых автомобилей и автобусов (5-й уровень квалификации),5,31.000,False,Нет связанного профессионального стандарта,,
2665,31.00000.03,Работник по техническому обслуживанию и ремонту грузовых автомобилей и автобусов (3-й уровень квалификации),3,31.000,False,Нет связанного профессионального стандарта,,
2666,31.00000.04,Работник по техническому обслуживанию и ремонту легковых автомобилей (3-й уровень квалификации),3,31.000,False,Специалист по техническому обслуживанию и ремонту мехатронных систем автотранспортных средств и их компонентов в автомобилестроении,приказ Минтруда России от 02.04.2024 № 170н,Ремонт и обслуживание мехатронных систем автотранспортных средств в автомобилестроении
2888,40.01300.07,Инженер-технолог-программист токарных станков с ЧПУ III категории (5 уровень квалификации),5,40.013,False,Специалист по разработке технологий и программ для металлорежущих станков с числовым программным управлением,Приказ Минтруда России от 14.07.2021 № 472н,Разработка технологий и программ для станков с числовым программным управлением (далее - ЧПУ)
2889,40.01300.11,Инженер-технолог-программист сверлильно-фрезерно-расточных обрабатывающих центров с ЧПУ III категории (5 уровень квалификации),5,40.013,False,Специалист по разработке технологий и программ для металлорежущих станков с числовым программным управлением,Приказ Минтруда России от 14.07.2021 № 472н,Разработка технологий и программ для станков с числовым программным управлением (далее - ЧПУ)
3066,40.07000.04,Техник по диагностике кузнечно-штамповочного оборудования (4 уровень квалификации),4,40.070,False,"Специалист по диагностике технологических комплексов кузнечно-штамповочного производства, утратил или утратит силу в ближайшее в время.",Приказ Минтруда России от 05.10.2020 № 701н,Диагностика технологических комплексов кузнечно-штамповочного производства
3067,40.07000.05,Инженер по диагностике кузнечно-штамповочного оборудования III категории (5 уровень квалификации),5,40.070,False,"Специалист по диагностике технологических комплексов кузнечно-штамповочного производства, утратил или утратит силу в ближайшее в время.",Приказ Минтруда России от 05.10.2020 № 701н,Диагностика технологических комплексов кузнечно-штамповочного производства
3068,40.07000.06,Инженер по диагностике кузнечно-штамповочного оборудования II категории (6 уровень квалификации),6,40.070,False,"Специалист по диагностике технологических комплексов кузнечно-штамповочного производства, утратил или утратит силу в ближайшее в время.",Приказ Минтруда России от 05.10.2020 № 701н,Диагностика технологических комплексов кузнечно-штамповочного производства
3069,40.07000.07,Инженер по диагностике кузнечно-штамповочного оборудования I категории (7 уровень квалификации),7,40.070,False,"Специалист по диагностике технологических комплексов кузнечно-штамповочного производства, утратил или утратит силу в ближайшее в время.",Приказ Минтруда России от 05.10.2020 № 701н,Диагностика технологических комплексов кузнечно-штамповочного производства
3070,40.07100.04,Техник по анализу и диагностике технологических комплексов литейного производства (4 уровень квалификации),4,40.071,False,Специалист по анализу и диагностике технологических комплексов литейного производства,Приказ Минтруда России от 05.10.2020 № 696н,Анализ и диагностика технологических комплексов литейного производства
3071,40.07100.05,Инженер III категории по анализу и диагностике технологических комплексов литейного производства (5 уровень квалификации),5,40.071,False,Специалист по анализу и диагностике технологических комплексов литейного производства,Приказ Минтруда России от 05.10.2020 № 696н,Анализ и диагностика технологических комплексов литейного производства
3072,40.07100.06,Инженер II категории по анализу и диагностике технологических комплексов литейного производства (6 уровень квалификации),6,40.071,False,Специалист по анализу и диагностике технологических комплексов литейного производства,Приказ Минтруда России от 05.10.2020 № 696н,Анализ и диагностика технологических комплексов литейного производства
3073,40.07100.07,Инженер I категории по анализу и диагностике технологических комплексов литейного производства (7 уровень квалификации),7,40.071,False,Специалист по анализу и диагностике технологических комплексов литейного производства,Приказ Минтруда России от 05.10.2020 № 696н,Анализ и диагностика технологических комплексов литейного производства
3114,40.08000.04,Техник по анализу и диагностике технологических комплексов термического производства (4 уровень квалификации),4,40.080,False,Специалист по анализу и диагностике технологических комплексов термического производства,Приказ Минтруда России от 05.10.2020 № 700н,Диагностика и оптимизация параметров работы технологических комплексов термического производства в режиме реального времени
3115,40.08000.05,Инженер по анализу и диагностике технологических комплексов термического производства III категории (5 уровень квалификации),5,40.080,False,Специалист по анализу и диагностике технологических комплексов термического производства,Приказ Минтруда России от 05.10.2020 № 700н,Диагностика и оптимизация параметров работы технологических комплексов термического производства в режиме реального времени
3116,40.08000.06,Инженер по анализу и диагностике технологических комплексов термического производства II категории (6 уровень квалификации),6,40.080,False,Специалист по анализу и диагностике технологических комплексов термического производства,Приказ Минтруда России от 05.10.2020 № 700н,Диагностика и оптимизация параметров работы технологических комплексов термического производства в режиме реального времени
3117,40.08000.07,Инженер по анализу и диагностике технологических комплексов термического производства I категории (7 уровень квалификации),7,40.080,False,Специалист по анализу и диагностике технологических комплексов термического производства,Приказ Минтруда России от 05.10.2020 № 700н,Диагностика и оптимизация параметров работы технологических комплексов термического производства в режиме реального времени
3118,40.08100.01,Инженер по анализу и диагностике технологических комплексов механосборочного производства III категории (6 уровень квалификации),6,40.081,False,"Специалист по анализу и диагностике технологических комплексов механосборочного производства, утратил или утратит силу в ближайшее в время.","Приказ Минтруда Росии от 26.12.2014 г., № 1174н",Анализ и диагностика технологических комплексов механосборочного производства
3119,40.08100.02,Инженер по анализу и диагностике технологических комплексов механосборочного производства II категории (6 уровень квалификации),6,40.081,False,"Специалист по анализу и диагностике технологических комплексов механосборочного производства, утратил или утратит силу в ближайшее в время.","Приказ Минтруда России от 26.12.2014 г., № 1174н",Анализ и диагностика технологических комплексов механосборочного производства
3120,40.08100.03,Инженер по анализу и диагностике технологических комплексов механосборочного производства I категории (7 уровень квалификации),7,40.081,False,"Специалист по анализу и диагностике технологических комплексов механосборочного производства, утратил или утратит силу в ближайшее в время.","Приказ Минтруда Росии от 26.12.2014 г., № 1174н",Анализ и диагностика технологических комплексов механосборочного производства
3121,40.08100.04,Специалист по технологическому аудиту механосборочного производства III категории (6 уровень квалификации),6,40.081,False,"Специалист по анализу и диагностике технологических комплексов механосборочного производства, утратил или утратит силу в ближайшее в время.",Приказ Минтруда России от 18.07.2019 № 508н,Анализ и диагностика технологических комплексов механосборочного производства
3122,40.08100.05,Специалист по технологическому аудиту механосборочного производства II категории (6 уровень квалификации),6,40.081,False,"Специалист по анализу и диагностике технологических комплексов механосборочного производства, утратил или утратит силу в ближайшее в время.",Приказ Минтруда России от 18.07.2019 № 508н,Анализ и диагностика технологических комплексов механосборочного производства
3123,40.08100.06,Специалист по технологическому аудиту механосборочного производства I категории (7 уровень квалификации),7,40.081,False,"Специалист по анализу и диагностике технологических комплексов механосборочного производства, утратил или утратит силу в ближайшее в время.",Приказ Минтруда России от 18.07.2019 № 508н,Анализ и диагностика технологических комплексов механосборочного производства
3143,40.08900.01,Инженер-технолог-программист III категории (5 уровень квалификации),5,40.089,False,"Специалист по автоматизированной разработке технологий и программ для станков с числовым программным управлением, утратил или утратит силу в ближайшее в время.",Приказ Минтруда России от 02.07.2019 № 463н,Автоматизированная разработка технологий и программ для станков с числовым программным управлением (ЧПУ)
3144,40.08900.02,Инженер-технолог-программист II категории (6 уровень квалификации),6,40.089,False,"Специалист по автоматизированной разработке технологий и программ для станков с числовым программным управлением, утратил или утратит силу в ближайшее в время.",Приказ Минтруда России от 02.07.2019 № 463н,Автоматизированная разработка технологий и программ для станков с числовым программным управлением (ЧПУ)
3145,40.08900.03,Инженер-технолог-программист I категории (7 уровень квалификации),7,40.089,False,"Специалист по автоматизированной разработке технологий и программ для станков с числовым программным управлением, утратил или утратит силу в ближайшее в время.",Приказ Минтруда России от 02.07.2019 № 463н,Автоматизированная разработка технологий и программ для станков с числовым программным управлением (ЧПУ)
3391,40.14600.01,Ремонтник-наладчик механических узлов металлорежущих станков 4-го разряда (3 уровень квалификации),3,40.146,False,Ремонтник-наладчик механических узлов металлорежущих станков,Приказ Минтруда России от 06.07.2020 № 403н,Ремонт и наладка механических узлов металлорежущих станков
3392,40.14600.02,Ремонтник-наладчик механических узлов металлорежущих станков 5-го разряда (4 уровень квалификации),4,40.146,False,Ремонтник-наладчик механических узлов металлорежущих станков,Приказ Минтруда России от 06.07.2020 № 403н,Ремонт и наладка механических узлов металлорежущих станков
3393,40.14600.03,Ремонтник-наладчик механических узлов металлорежущих станков 6-го разряда (4 уровень квалификации),4,40.146,False,Ремонтник-наладчик механических узлов металлорежущих станков,Приказ Минтруда России от 06.07.2020 № 403н,Ремонт и наладка механических узлов металлорежущих станков
3403,40.15000.01,Ремонтник-наладчик пневмо- и гидрооборудования металлорежущих станков 4-го разряда (3 уровень квалификации),3,40.150,False,Ремонтник-наладчик пневмо- и гидрооборудования металлорежущих станков,Приказ Минтруда России от 14.07.2020 № 420н,Ремонт и наладка пневмо- и гидрооборудования металлорежущих станков
3404,40.15000.02,Ремонтник-наладчик пневмо- и гидрооборудования металлорежущих станков 5-го разряда (4 уровень квалификации),4,40.150,False,Ремонтник-наладчик пневмо- и гидрооборудования металлорежущих станков,Приказ Минтруда России от 14.07.2020 № 420н,Ремонт и наладка пневмо- и гидрооборудования металлорежущих станков
3405,40.15000.03,Ремонтник-наладчик пневмо- и гидрооборудования металлорежущих станков 6-го разряда (4 уровень квалификации),4,40.150,False,Ремонтник-наладчик пневмо- и гидрооборудования металлорежущих станков,Приказ Минтруда России от 14.07.2020 № 420н,Ремонт и наладка пневмо- и гидрооборудования металлорежущих станков
3409,40.15200.01,Инженер-проектировщик гибких производственных систем в машиностроении II категории (6-й уровень квалификации),6,40.152,False,"Специалист по проектированию гибких производственных систем в машиностроении, утратил или утратит силу в ближайшее в время.",Приказ Минтруда России от 01.02.2017 № 117н,Проектирование гибких производственных систем в машиностроении
3410,40.15300.03,"Инженер по техническому перевооружению, реконструкции и модернизации кузнечно-штамповочного производства II категории (6 уровень квалификации)",6,40.153,False,"Специалист по техническому перевооружению, реконструкции и модернизации кузнечно-штамповочного производства",Приказ Минтруда России от 05.10.2020 № 699н,"Инжиниринг и организация процесса технического перевооружения, реконструкции и модернизации кузнечно-штамповочного производства"
3411,40.15300.04,"Инженер по техническому перевооружению, реконструкции и модернизации кузнечно-штамповочного производства I категории (7 уровень квалификации)",7,40.153,False,"Специалист по техническому перевооружению, реконструкции и модернизации кузнечно-штамповочного производства",Приказ Минтруда России от 05.10.2020 № 699н,"Инжиниринг и организация процесса технического перевооружения, реконструкции и модернизации кузнечно-штамповочного производства"
3472,40.16900.03,"Инженер по техническому перевооружению, реконструкции и модернизации литейного производства II категории (6 уровень квалификации)",6,40.169,False,"Специалист по техническому перевооружению, реконструкции и модернизации литейного производства, утратил или утратит силу в ближайшее в время.",Приказ Минтруда России от 08.10.2020 № 711н,"Инжиниринг и организация процесса технического перевооружения, реконструкции и модернизации литейного производства"
3473,40.16900.04,"Инженер по техническому перевооружению, реконструкции и модернизации литейного производства I категории (7 уровень квалификации)",7,40.169,False,"Специалист по техническому перевооружению, реконструкции и модернизации литейного производства, утратил или утратит силу в ближайшее в время.",Приказ Минтруда России от 08.10.2020 № 711н,"Инжиниринг и организация процесса технического перевооружения, реконструкции и модернизации литейного производства"
3474,40.17000.03,"Инженер по техническому перевооружению, реконструкции и модернизации термического производства II категории (6 уровень квалификации)",6,40.170,False,"Специалист по техническому перевооружению, реконструкции и модернизации термического производства, утратил или утратит силу в ближайшее в время.",Приказ Минтруда России от 30.09.2020 № 684н,"Инжиниринг и организация процесса технического перевооружения, реконструкции и модернизации термического производства"
3475,40.17000.04,"Инженер по техническому перевооружению, реконструкции и модернизации термического производства I категории (7 уровень квалификации)",7,40.170,False,"Специалист по техническому перевооружению, реконструкции и модернизации термического производства, утратил или утратит силу в ближайшее в время.",Приказ Минтруда России от 30.09.2020 № 684н,"Инжиниринг и организация процесса технического перевооружения, реконструкции и модернизации термического производства"
3567,40.18900.01,Монтажник грузоподъемных кранов (3 уровень квалификации),3,40.189,False,Монтажник грузоподъемных кранов,Приказ Минтруда России от 17 апреля 2018 года N 251н,Монтаж грузоподъемных кранов
3568,40.18900.02,Монтажник грузоподъемных кранов мостового типа (3 уровень квалификации),3,40.189,False,Монтажник грузоподъемных кранов,Приказ Минтруда России от 17 апреля 2018 года N 251н,Монтаж грузоподъемных кранов
3569,40.18900.03,Монтажник грузоподъемных кранов башенного типа (4 уровень квалификации),4,40.189,False,Монтажник грузоподъемных кранов,Приказ Минтруда России от 17 апреля 2018 года N 251н,Монтаж грузоподъемных кранов
3570,40.18900.04,Монтажник грузоподъемных кранов мостового типа (4 уровень квалификации),4,40.189,False,Монтажник грузоподъемных кранов,Приказ Минтруда России от 17 апреля 2018 года N 251н,Монтаж грузоподъемных кранов
3749,40.22300.01,"Инженер по техническому перевооружению, реконструкции и модернизации механосборочного производства II категории (6 уровень квалификации)",6,40.223,False,"Специалист по техническому перевооружению, реконструкции и модернизации механосборочного производства",Приказ Минтруда России от 15.07.2021 № 479н,"Инжиниринг и организация процесса технического перевооружения, реконструкции и модернизации механосборочного производства"
3750,40.22300.02,"Инженер по техническому перевооружению, реконструкции и модернизации механосборочного производства I категории (7 уровень квалификации)",7,40.223,False,"Специалист по техническому перевооружению, реконструкции и модернизации механосборочного производства",Приказ Минтруда России от 15.07.2021 № 479н,"Инжиниринг и организация процесса технического перевооружения, реконструкции и модернизации механосборочного производства"
3758,40.22600.01,Стерженщик ручной формовки в литье по выплавляемым моделям 2-го разряда (2 уровень квалификации),2,40.226,False,Стерженщик в литье по выплавляемым моделям,Приказ Минтруда России от 15.07.2021 № 477н,Изготовление литейных стержней
3759,40.22600.02,Стерженщик ручной формовки в литье по выплавляемым моделям 3-го разряда (3 уровень квалификации),3,40.226,False,Стерженщик в литье по выплавляемым моделям,Приказ Минтруда России от 15.07.2021 № 477н,Изготовление литейных стержней
3760,40.22600.03,Стерженщик ручной формовки в литье по выплавляемым моделям 4-го разряда (3 уровень квалификации),3,40.226,False,Стерженщик в литье по выплавляемым моделям,Приказ Минтруда России от 15.07.2021 № 477н,Изготовление литейных стержней
3761,40.22600.04,Стерженщик ручной формовки в литье по выплавляемым моделям 5-го разряда (4 уровень квалификации),4,40.226,False,Стерженщик в литье по выплавляемым моделям,Приказ Минтруда России от 15.07.2021 № 477н,Изготовление литейных стержней
